email,password
kjfjfgug@gmail.com,spandana
kjfjfgug@gmail.com,spandana
kjfjfgug@gmail.com,spandana
kjfjfgug@gmail.com,spandana
kjfjfgug@gmail.com,spandana
kjfjfgug@gmail.com,spandana
kjfjfgug@gmail.com,spandanassss
kjfjfgug@gmail.com,spandana
kjfjfgug@gmail.com,spandana
kjfjfgug@gmail.com,spandana
kjfjfgug@gmail.com,spandana
kjfjfgug@gmail.com,spandanay7t76rfr
kjfjfgug@gmail.com,spandana
kjfjfgug@gmail.com,spandana
kjfjfgug@gmail.com,spandana
kjfjfgug@gmail.com,spandana
kjfjfgug@gmail.com,spandana
kjfjfgug@gmail.com,spandana
kjfjfgug@gmail.com,spandana
kjfjfgug@gmail.com,spandana
kjfjfgug@gmail.com,spandana
kjfjfgug@gmail.com,spandana
kjfjfgug@gmail.com,spandana
kjfjfgug@gmail.com,spandana
kjfjfgug@gmail.com,spandana
kjfjfgug@gmail.com,spandana
kjfjfgug@gmail.com,spandana
kjfjfgug@gmail.com,spandana
kjfjfgug@gmail.com,spandana
kjfjfgug@gmail.com,spandana
kjfjfgug@gmail.com,spandana
kjfjfgug@gmail.com,spandana
kjfjfgug@gmail.com,spandana
spandana@gmail.com,khhdaiuhdydiu
kjfjfgug@gmail.com,spandana
kjfjfgug@gmail.com,spandana
kjfjfgug@gmail.com,spandana
kjfjfgug@gmail.com,spandana
